year,quarter,label,quarter_end,pork_price,pork_price_mean,index_930707,牧原股份,温氏股份,sows,sows_granularity
2018,1,2018Q1,2018-03-31,10.22,13.35,1911.45,9.35,14.51,,
2018,2,2018Q2,2018-06-30,11.48,10.612,1740.47,9.18,15.57,,
2018,3,2018Q3,2018-09-30,13.89,13.268,1670.2,9.4,16.42,,
2018,4,2018Q4,2018-12-31,13.45,13.781,1728.56,10.86,18.51,3189.0,year-end
2019,1,2019Q1,2019-03-31,15.84,13.355,2825.48,23.91,28.71,,
2019,2,2019Q2,2019-06-30,17.04,15.664,2805.71,22.2,25.69,,
2019,3,2019Q3,2019-09-30,29.45,23.371,2825.48,26.65,26.63,,
2019,4,2019Q4,2019-12-31,34.35,36.318,3037.14,33.56,24.26,3080.0,year-end
2020,1,2020Q1,2020-03-31,35.13,37.046,3472.7,46.19,23.32,,
2020,2,2020Q2,2020-06-30,35.28,32.288,3770.01,52.93,19.6,,
2020,3,2020Q3,2020-09-30,33.72,36.995,3697.82,47.77,17.57,,
2020,4,2020Q4,2020-12-31,34.63,31.261,3446.8,49.77,16.66,4161.0,year-end
2021,1,2021Q1,2021-03-31,26.56,31.818,3513.23,64.57,15.46,,
2021,2,2021Q2,2021-06-30,13.71,19.31,3086.84,55.84,13.13,,
2021,3,2021Q3,2021-09-30,11.6,14.639,2854.12,47.65,13.41,,
2021,4,2021Q4,2021-12-31,16.13,16.581,3242.39,48.99,17.85,4329.0,year-end
2022,1,2022Q1,2022-03-31,12.19,13.383,3199.84,52.21,20.44,,
2022,2,2022Q2,2022-06-30,17.38,14.996,2981.24,51.0,19.73,,
2022,3,2022Q3,2022-09-30,24.37,22.566,2835.71,50.3,19.01,,
2022,4,2022Q4,2022-12-31,16.27,23.859,2814.0,44.98,18.3,4390.0,year-end
2023,1,2023Q1,2023-03-31,15.19,15.181,2891.27,45.21,19.08,,
2023,2,2023Q2,2023-06-30,14.22,14.38,2465.78,38.89,17.31,,
2023,3,2023Q3,2023-09-30,16.25,15.925,2351.75,35.58,16.39,,
2023,4,2023Q4,2023-12-31,14.6,14.761,2383.42,38.67,18.92,4142.0,year-end
2024,1,2024Q1,2024-03-31,15.05,14.373,2223.37,40.52,17.92,,
2024,2,2024Q2,2024-06-30,18.23,16.308,2044.41,40.94,18.79,,
2024,3,2024Q3,2024-09-30,18.09,19.391,2175.35,43.48,19.09,,
2024,4,2024Q4,2024-12-31,15.79,16.746,2011.75,36.87,15.78,4078.0,year-end
2025,1,2025Q1,2025-03-31,14.73,15.192,1996.82,37.14,15.93,4039.0,quarter
2025,2,2025Q2,2025-06-30,14.73,14.643,2088.08,40.84,16.53,4043.0,quarter
2025,3,2025Q3,2025-09-30,12.54,13.972,2288.57,51.52,18.01,4035.0,quarter
2025,4,2025Q4,2025-12-31,11.78,11.613,2207.34,50.03,16.61,3990.0,month
2026,1,2026Q1,2026-03-31,9.51,11.558,2090.57,41.26,16.35,,
2026,2,2026Q2,2026-06-30,9.46,9.496,1702.08,34.99,12.32,,
2026,3,2026Q3,2026-09-30,10.56,10.845,1823.05,41.71,14.91,,
